image_index,item_name,estimated_value,currency,reasoning,search_urls
0,Kitchen Cabinets (Green Shaker-style),6250,USD,"High-quality semi-custom or custom shaker cabinets can range significantly. Estimating approximately 15 linear feet of base cabinetry, the fair market value for the cabinets themselves, uninstalled.",
0,Cabinet Hardware (Brass Pulls),450,USD,"The visible hardware consists of approximately 12 handles (cup pulls and bar pulls). Individual brass cabinet pulls can range from $5 to $50 or more each, depending on design and brand. For the quality shown, an estimated value for the hardware alone.",
0,Wood Butcher Block Countertops,3250,USD,"The countertops are a light-colored, solid wood butcher block, likely maple or oak, given the grain and color. Butcher block countertops offer a warm, natural aesthetic. Typically cost $50 to $150 per square foot for materials, with installation adding to the total. Maple or oak falls into a moderate price range. Assuming approximately 30-35 square feet of countertop area, the fair market value, including installation.",
0,White Farmhouse Sink,600,USD,"A prominent feature is the large, single-bowl white farmhouse (apron front) sink, which appears to be made of ceramic or fireclay. These sinks are durable and a classic choice for a farmhouse kitchen. Generally range from $300 to over $700, with many quality options available between $400 and $600. The estimated value for a sink of this style and apparent quality.",
0,Brass Pull-Down Faucet,500,USD,"The kitchen is equipped with a single-handle, gold or brass-toned pull-down kitchen faucet, which blends a modern function with a traditional aesthetic. Brass pull-down kitchen faucets can range from $150 for basic models to nearly $1,000 for high-end designer options, with many stylish models falling into the $300-$600 range. An estimated value for this fixture.",
0,White Subway Tile Backsplash,1000,USD,"The backsplash features classic white subway tiles with light grey grout, providing a clean and versatile backdrop. White ceramic subway tiles are affordable, costing $1-$10 per square foot for materials. Including professional installation, which typically ranges from $7 to $15 per square foot, a kitchen backsplash can cost between $200 and $1,100 for an average size, or $480 to $1,500 for larger areas. For the visible area (approximately 30-35 square feet), the fair market value, installed.",
0,Large Format Stone-Look Tiles,1750,USD,"The flooring consists of large format tiles in earthy tones, suggesting natural stone or high-quality porcelain with a stone look, laid in a staggered or random pattern. Porcelain tiles designed to mimic natural stone can cost $3-$10+ per square foot for materials. Professional installation can add another $5-$15+ per square foot. For an estimated 80-100 square feet of visible flooring, the fair market value, installed.",
0,Industrial/Farmhouse Pendant Lights,350,USD,"Two industrial or farmhouse style pendant lights with dark shades and brass accents hang above the counter area. These types of pendant lights typically range from $70 to $200 or more per fixture, depending on the brand and design. For the pair, the estimated value.",
0,Recessed LED Lights,400,USD,"Several small, white recessed lights are visible in the ceiling, providing general ambient lighting. The installed cost for recessed LED lights generally ranges from $50 to $150 per fixture. Assuming 4-6 visible fixtures, the estimated value.",
0,Large Skylight,2250,USD,"A large skylight is integrated into the sloped ceiling, providing significant natural light. The cost of a large, fixed or manually venting skylight, including installation, can vary widely. Velux, a common brand, lists fixed skylights from under $500, with installed costs for replacement ranging from $800 to $2,200, and new installations potentially higher. For a large skylight as pictured, the estimated value including installation.",
0,Open Wooden Shelves,350,USD,"Two sections of open wooden shelving with black metal brackets are installed above the backsplash. These appear to be solid wood and complement the overall kitchen design. Open kitchen shelving can range from $50-$100 per shelf, depending on material and whether it's custom or prefabricated. Assuming four shelves of good quality wood and brackets, the estimated value.",
0,Integrated Dishwasher,950,USD,"An integrated dishwasher, with a panel matching the cabinetry, is partially visible. Fully integrated (panel-ready) dishwashers vary in price based on features and brand, typically ranging from $400 to over $1,500, with many mid-range models around $600-$1,000. A fair market value for a standard integrated model.",
1,Sofa,1650,USD,"The item is a modern, light grey, three-seater fabric sofa with clean lines and a structured design, appearing to be in excellent, new condition. Its style is contemporary and versatile. The valuation reflects its position as a good quality, modern piece, not an ultra-budget item nor an ultra-high-end designer piece. This estimated value aligns with prices for similar light grey modern and minimalist fabric sofas from reputable furniture retailers.",https://www.walmart.com/search?q=3+seater+sofa; https://www.modernmiami.com/search?q=light+grey+sofa; https://www.dwr.com/furniture/sofas; https://www.google.com/search?q=modern+light+grey+3+seater+sofa; https://www.google.com/search?q=minimalist+fabric+sofa
2,Olive Green Duvet Cover Set (Queen Size),130,USD,"Based on washed cotton and linen blend options, a set like this typically ranges from $70 to $200. High-quality linen sets can go higher.",
2,White Fitted Sheet & Two White Pillowcases,50,USD,"Assuming standard cotton, these would be part of a basic sheet set.",
2,"Olive Green Throw Blanket (Textured, Fringed)",65,USD,"A decorative throw of this style can vary based on material (cotton, wool blend, acrylic).",
2,"Two Decorative Olive Green Pillows (Smaller, Square)",60,USD,"These are accent pillows, likely with covers and inserts.",
2,"Wooden Headboard (Simple, Horizontal Planks)",425,USD,"This appears to be a custom or semi-custom floating wooden headboard, with its value depending on wood type and craftsmanship.",
2,Two Floating Wooden Bedside Tables with Drawers,500,USD,"These are wall-mounted nightstands with a minimalist design, likely solid wood or high-quality wood veneer. Similar items often range from $100 to $400 per piece.",
2,"Two Pendant Lights (Black cord, exposed Edison-style bulb)",140,USD,Minimalist exposed bulb pendant lights are widely available.,
2,LED Strip Lighting (Under floating shelf),35,USD,This is typically an affordable addition.,
2,Large Wooden Floating Shelf,200,USD,"Solid wood floating shelves vary significantly by length, depth, thickness, and wood type. Given its length, it's likely a custom or higher-end piece.",
2,Minimalist Botanical/Abstract Framed Print,100,USD,"This appears to be a contemporary art print, likely framed.",
2,Landscape Framed Print,135,USD,"This appears to be a contemporary art print, likely framed.",
2,Potted Plant (Greenery in a light-colored pot),42.5,USD,"Assuming a live, medium-sized houseplant with a decorative pot.",
2,Dried Grass/Wheat Arrangement & Wooden Vase,62.5,USD,Dried botanicals are popular. The total value includes both the dried grass/pampas and the wooden vase.,
2,Small Decorative Ceramic Bowls/Vases (5-7 pieces),212.5,USD,These small decorative items can range from mass-produced to artisan-crafted.,
2,Small Candle/Diffuser Holder,20,USD,A small decorative accent.,
3,Live Edge Solid Wood Dining Table,4500,USD,"This is a substantial live edge dining table with a natural wood slab top, showcasing organic contours and distinctive butterfly joints for both structural integrity and decorative appeal. The finish appears smooth and polished, indicating excellent condition. Its size suggests seating for 6 to 8 people. Valuation is based on market data for comparable high-quality live edge tables, which range significantly based on wood species, size, thickness, base material, and craftsmanship. Tables with butterfly joints command a premium, and given its characteristics, this item falls into the higher end of the mid-range.",https://www.google.com/search?q=live+edge+dining+table+with+butterfly+joints; https://www.etsy.com/market/live_edge_dining_table
3,Cane Back Dining Chair (per chair),400,USD,"These dining chairs feature a dark wooden frame and a woven cane back, blending traditional craftsmanship with modern influences. They appear to be in excellent condition, suggesting they are new or very well-maintained. The chairs are armless, with seats that appear solid wood. Valuation reflects the market for good quality solid wood cane back chairs, which can vary based on brand, materials, and design, often ranging in the mid to higher price points for well-constructed pieces.",https://www.google.com/search?q=cane+back+dining+chairs; https://www.wayfair.com/furniture/sb0/cane-dining-chairs-c415089.html
3,Dried Pampas Grass and Glass Vases (2 arrangements),100,USD,"This valuation includes two decorative arrangements: a tall dried pampas grass arrangement in an amber-toned glass vase and a smaller similar arrangement in a smaller vase. These are common decorative items. The value accounts for the cost of the pampas grass bundles and the respective glass vases, considering typical retail prices for such decorative elements.",https://www.google.com/search?q=dried+pampas+grass+in+glass+vase; https://www.amazon.com/pampas-grass-vases/s?k=pampas+grass+vases
3,Decorative Stone Bowls (2),120,USD,"This includes two rustic-looking decorative stone bowls. The valuation is an estimate for both bowls, based on typical prices for well-crafted, simple rustic stone bowls found in home decor retail. The condition appears consistent with their decorative purpose.",https://www.google.com/search?q=decorative+stone+bowls; https://www.potterybarn.com/products/stone-bowls/
3,Decorative Pinecones,3,USD,"These pinecones are used as a decorative filler within one of the stone bowls. They are typically sold in bags for a minimal cost, and their monetary value as decorative items is generally low.",https://www.google.com/search?q=decorative+pinecones+for+crafts; https://www.michaels.com/search?q=pinecones